date,region,district,route,distributor,product,category,units,revenue,visited_flag
2025-06-08,East,District A,Route 14,Distributor 021,CardioMax,Cardiovascular,62,3543.57,False
2025-10-05,West,District A,Route 17,Distributor 046,CardioMax,Cardiovascular,59,5666.31,True
2025-05-27,East,District C,Route 09,Distributor 046,NeuroCare,Neurology,74,5928.35,True
2025-01-24,Central,District D,Route 04,Distributor 076,NeuroCare,Neurology,71,7149.32,True
2025-09-05,South,District D,Route 04,Distributor 037,CardioMax,Cardiovascular,77,8318.28,True
2025-02-26,East,District D,Route 08,Distributor 097,GastroPlus,Gastroenterology,44,3718.07,True
2025-10-18,North,District C,Route 03,Distributor 069,RespiraX,Respiratory,30,1817.71,True
2025-09-02,North,District E,Route 13,Distributor 071,GastroPlus,Gastroenterology,45,2563.25,True
2025-11-04,Central,District E,Route 06,Distributor 024,DermaClear,Dermatology,66,6476.82,True
2025-03-14,South,District D,Route 16,Distributor 067,DermaClear,Dermatology,66,582.42,True
2025-07-04,West,District A,Route 03,Distributor 025,NeuroCare,Neurology,62,3682.71,True
2025-06-21,North,District D,Route 12,Distributor 064,CardioMax,Cardiovascular,52,3707.94,True
2025-08-09,North,District B,Route 09,Distributor 099,CardioMax,Cardiovascular,45,1891.91,True
2025-11-08,East,District A,Route 18,Distributor 029,NeuroCare,Neurology,79,2701.9,True
2025-07-04,South,District E,Route 14,Distributor 041,GastroPlus,Gastroenterology,53,3730.54,False
2025-03-02,North,District A,Route 16,Distributor 073,GastroPlus,Gastroenterology,26,274.14,True
2025-12-09,North,District C,Route 14,Distributor 050,DermaClear,Dermatology,13,833.52,True
2025-04-21,South,District B,Route 20,Distributor 009,GastroPlus,Gastroenterology,19,1493.24,True
2025-06-30,South,District C,Route 06,Distributor 077,GastroPlus,Gastroenterology,76,8341.84,True
2025-09-19,South,District B,Route 02,Distributor 010,RespiraX,Respiratory,21,1224.9,False
2025-09-21,Central,District E,Route 12,Distributor 055,CardioMax,Cardiovascular,37,1134.59,False
2025-10-04,South,District C,Route 07,Distributor 063,NeuroCare,Neurology,2,177.16,True
2025-10-04,West,District D,Route 01,Distributor 018,CardioMax,Cardiovascular,52,907.8,True
2025-02-22,North,District C,Route 16,Distributor 018,GastroPlus,Gastroenterology,53,1037.8,False
2025-08-12,West,District B,Route 01,Distributor 016,RespiraX,Respiratory,46,2155.07,True
2025-10-13,Central,District C,Route 14,Distributor 050,RespiraX,Respiratory,37,638.83,False
2025-10-22,Central,District E,Route 07,Distributor 055,CardioMax,Cardiovascular,46,2807.42,True
2025-01-08,North,District E,Route 11,Distributor 015,ImmunoAid,Immunology,23,2312.53,True
2025-02-13,Central,District B,Route 14,Distributor 074,NeuroCare,Neurology,9,749.62,True
2025-02-09,East,District B,Route 05,Distributor 004,DermaClear,Dermatology,26,2875.43,True
2025-06-17,East,District E,Route 07,Distributor 021,ImmunoAid,Immunology,30,3028.09,True
2025-07-07,East,District E,Route 04,Distributor 017,RespiraX,Respiratory,50,1833.4,True
2025-02-25,East,District A,Route 15,Distributor 085,NeuroCare,Neurology,35,4170.11,False
2025-07-09,North,District D,Route 07,Distributor 067,RespiraX,Respiratory,10,433.84,True
2025-05-19,Central,District A,Route 19,Distributor 095,RespiraX,Respiratory,8,733.12,True
2025-10-31,South,District A,Route 08,Distributor 060,NeuroCare,Neurology,6,151.01,False
2025-12-31,South,District B,Route 20,Distributor 050,CardioMax,Cardiovascular,16,684.1,True
2025-01-06,Central,District A,Route 01,Distributor 068,ImmunoAid,Immunology,74,2495.39,True
2025-10-07,West,District C,Route 04,Distributor 087,NeuroCare,Neurology,41,3516.05,True
2025-09-27,West,District A,Route 12,Distributor 093,DermaClear,Dermatology,7,158.75,True
2025-07-05,South,District B,Route 20,Distributor 053,RespiraX,Respiratory,24,1505.31,False
2025-01-10,North,District D,Route 17,Distributor 011,NeuroCare,Neurology,40,2807.29,True
2025-03-02,West,District A,Route 19,Distributor 074,DermaClear,Dermatology,34,3951.41,True
2025-10-14,South,District A,Route 06,Distributor 083,DermaClear,Dermatology,51,509.88,False
2025-10-07,South,District E,Route 18,Distributor 076,GastroPlus,Gastroenterology,19,1281.48,True
2025-05-17,North,District D,Route 20,Distributor 087,ImmunoAid,Immunology,10,556.99,True
2025-12-30,South,District E,Route 17,Distributor 096,ImmunoAid,Immunology,20,690.12,True
2025-08-05,North,District E,Route 07,Distributor 032,CardioMax,Cardiovascular,38,926.11,True
2025-02-26,Central,District C,Route 04,Distributor 046,RespiraX,Respiratory,73,1937.39,True
2025-01-21,East,District A,Route 09,Distributor 060,CardioMax,Cardiovascular,57,1570.91,True
2025-12-26,West,District D,Route 18,Distributor 080,DermaClear,Dermatology,32,1395.68,True
2025-03-08,Central,District B,Route 13,Distributor 058,RespiraX,Respiratory,39,1346.1,True
2025-12-04,West,District E,Route 03,Distributor 010,NeuroCare,Neurology,4,199.38,True
2025-12-04,East,District E,Route 17,Distributor 091,RespiraX,Respiratory,32,611.22,False
2025-08-18,South,District D,Route 16,Distributor 074,NeuroCare,Neurology,64,6099.3,True
2025-07-07,East,District C,Route 16,Distributor 039,CardioMax,Cardiovascular,26,2705.25,True
2025-06-08,West,District A,Route 09,Distributor 061,NeuroCare,Neurology,22,520.39,True
2025-05-14,West,District B,Route 04,Distributor 069,NeuroCare,Neurology,40,1787.18,True
2025-11-08,West,District D,Route 07,Distributor 047,DermaClear,Dermatology,75,8297.32,False
2025-08-27,West,District C,Route 16,Distributor 064,ImmunoAid,Immunology,39,3825.58,True
2025-08-07,South,District C,Route 18,Distributor 092,NeuroCare,Neurology,59,1809.49,True
2025-02-04,West,District A,Route 11,Distributor 094,CardioMax,Cardiovascular,51,4553.29,True
2025-05-29,West,District C,Route 16,Distributor 100,RespiraX,Respiratory,76,7425.13,False
2025-04-03,North,District A,Route 11,Distributor 062,DermaClear,Dermatology,8,592.71,True
2025-06-23,West,District D,Route 11,Distributor 073,CardioMax,Cardiovascular,45,3245.05,False
2025-06-29,North,District E,Route 17,Distributor 012,DermaClear,Dermatology,41,3081.33,True
2025-09-24,West,District E,Route 16,Distributor 021,DermaClear,Dermatology,7,571.76,True
2025-11-24,South,District B,Route 16,Distributor 037,DermaClear,Dermatology,59,5510.81,True
2025-02-01,East,District C,Route 09,Distributor 074,NeuroCare,Neurology,13,319.17,True
2025-07-21,Central,District D,Route 13,Distributor 048,GastroPlus,Gastroenterology,14,1579.87,True
2025-11-05,East,District C,Route 03,Distributor 028,ImmunoAid,Immunology,78,6894.35,True
2025-02-14,North,District D,Route 11,Distributor 002,RespiraX,Respiratory,10,738.85,True
2025-12-20,West,District B,Route 09,Distributor 002,DermaClear,Dermatology,66,2711.29,False
2025-10-13,Central,District E,Route 01,Distributor 088,NeuroCare,Neurology,59,1202.77,True
2025-08-31,East,District A,Route 14,Distributor 014,DermaClear,Dermatology,67,1334.57,True
2025-11-24,Central,District B,Route 10,Distributor 015,ImmunoAid,Immunology,54,607.39,True
2025-04-16,South,District E,Route 01,Distributor 001,DermaClear,Dermatology,16,1759.86,True
2025-08-10,East,District B,Route 06,Distributor 085,CardioMax,Cardiovascular,65,6354.79,True
2025-02-13,South,District E,Route 14,Distributor 082,DermaClear,Dermatology,64,7162.44,True
2025-03-15,South,District C,Route 11,Distributor 075,RespiraX,Respiratory,37,813.68,True
2025-10-24,South,District A,Route 04,Distributor 002,CardioMax,Cardiovascular,68,1726.1,True
2025-12-24,West,District A,Route 02,Distributor 062,NeuroCare,Neurology,42,3212.7,True
2025-05-31,North,District B,Route 02,Distributor 078,NeuroCare,Neurology,70,6123.09,False
2025-06-17,Central,District D,Route 18,Distributor 058,NeuroCare,Neurology,47,4503.4,True
2025-06-02,West,District C,Route 14,Distributor 026,NeuroCare,Neurology,75,3131.28,False
2025-02-24,South,District C,Route 19,Distributor 048,ImmunoAid,Immunology,13,844.16,True
2025-02-04,Central,District D,Route 09,Distributor 079,RespiraX,Respiratory,11,430.59,True
2025-05-31,East,District B,Route 19,Distributor 059,ImmunoAid,Immunology,77,4141.35,True
2025-06-24,West,District A,Route 05,Distributor 010,RespiraX,Respiratory,3,164.58,True
2025-09-14,West,District D,Route 13,Distributor 032,ImmunoAid,Immunology,47,3786.8,False
2025-07-13,South,District C,Route 08,Distributor 097,GastroPlus,Gastroenterology,44,2478.03,True
2025-11-20,East,District C,Route 15,Distributor 053,ImmunoAid,Immunology,45,5002.13,False
2025-05-21,West,District A,Route 03,Distributor 006,NeuroCare,Neurology,25,2544.67,False
2025-01-21,West,District B,Route 10,Distributor 018,CardioMax,Cardiovascular,65,2562.85,True
2025-06-09,East,District D,Route 18,Distributor 042,CardioMax,Cardiovascular,59,569.02,True
2025-08-08,West,District B,Route 11,Distributor 096,GastroPlus,Gastroenterology,19,406.66,False
2025-10-09,South,District A,Route 15,Distributor 076,GastroPlus,Gastroenterology,61,2612.49,True
2025-01-04,South,District C,Route 10,Distributor 017,GastroPlus,Gastroenterology,27,848.19,True
2025-12-16,West,District B,Route 17,Distributor 081,GastroPlus,Gastroenterology,67,7958.45,True
2025-06-13,Central,District A,Route 17,Distributor 076,RespiraX,Respiratory,40,2078.73,True
